Peptide Sequence,Modification
DEGkASSAK,acetyl
FkDLGEENFK,acetyl
GLFIIDDkGILR,acetyl
LkAEGSEIR,acetyl
LkLVSELWDAGIK,acetyl
EkLLDFIK,dimethyl
FPkAEFAEVSK,dimethyl
LkAEGSEIR,dimethyl
LkAQLGPDESK,dimethyl
NGDTASPkEYTAGR,dimethyl
ADEGISFrGLFIIDDK,dimethyl
AEGSEIrLAK,dimethyl
GILrQITVNDLPVGR,dimethyl
GTrDYSPR,dimethyl
LDELrDEGK,dimethyl
LDELrDEGK,Asymmetric dimethyl
EkLLDFIK,methyl
FPkAEFAEVSK,methyl
LkAEGSEIR,methyl
LkAQLGPDESK,methyl
NGDTASPkEYTAGR,methyl
AEGSEIrLAK,methyl
ESTLHLVLrLR,methyl
GILrQITVNDLPVGR,methyl
GTrDYSPR,methyl
LDELrDEGK,methyl
ALAPEyAK,nitro
DISLSDyK,nitro
SVSDyEGK,nitro
TIAQDyGVLK,nitro
TLSDyNIQK,nitro
ADEGIsFR,phospho
AEFAEVsK,phospho
DISLsDyK,phospho
DISLSDyK,phospho
DIsLSDyK,phospho
DIsLsDyK,phospho
DQGGELLsLR,phospho
EStLHLVLR,phospho
EsTLHLVLR,phospho
EstLHLVLR,phospho
IFsIVEQR,phospho
LVNEVtEFAK,phospho
LVQAFQFtDK,phospho
NVAVDELsR,phospho
SVsDYEGK,phospho
tHILLFLPKsVsDyEGK,phospho
THILLFLPKsVSDYEGK,phospho
TITLEVEPsDtIENVK,phospho
tItLEVEPsDtIENVK,phospho
tLSDYNIQK,phospho
tLsDYNIQK,phospho
TLSDyNIQK,phospho
tLsDyNIQK,phospho
tyEtTLEK,phospho
VDAtEEsDLAQQyGVR,phospho
VPQVstPtLVEVSR,phospho
VPQVstPtLVEVsR,phospho
WVtFIsLLFLFssAYSR,phospho
yKPEsDELtAEK,phospho
ALAPEyAK,sulfo
DISLSDyK,sulfo
SVSDyEGK,sulfo
TIAQDyGVLK,sulfo
TVIDyNGER,sulfo
EkLLDFIK,trimethyl
FPkAEFAEVSK,trimethyl
LkAEGSEIR,trimethyl
LkAQLGPDESK,trimethyl
NGDTASPkEYTAGR,trimethyl
